itemID,Item,Quantity,Units,grams,Calories (kCal),Protein(g),Carbohydrates (g),fats (g),fibre,glycemic index,POTASSIUM(mg),SODIUM(mg),PHOSPHOROUS (mg),CALCIUM,IRON,Vitamin A MCG,Vitamin D,Vitamin C,Vitamin E,Vitamin K,THIAMINE Vitamin B1,RIBOFLAVIN Vitamin B2,NIACIN Vitamin B3,vitamin B12,FOLIC ACID VITAMIN B9,MAGNESIUM,ZINC,SELENIUM
1,Idly,1,piece,50,78,2.5,15.1,0.9,1.1,70,40,1,20,,,,,,,,,,,,,,,
2,Puri,1,piece,50,141,3,23.1,6.6,3.6,57,34,2,0,,,,,,,,,,,,,,,
3,Saada Dosa,1,piece,60,116,2.7,16.2,4.5,1.1,55,70,3,50,,,,,,,,,,,,,,,
4,Butter Masala Dosa,1,piece,107,190,3.4,23.6,9.2,2,65,500,200,205,,,,,,,,,,,,,,,
5,Masala Dosa,1,piece,103,163,3.3,22.1,6.8,1.9,65,500,200,205,,,,,,,,,,,,,,,
6,Raagi Dosa,1,piece,60,106,2.8,14.7,4,2.5,85,135,5,82,.,,,,,,,,,,,,,,
7,Poori,1,piece,50,141,3,23.1,6.6,3.6,57,34,2,0,,,,,,,,,,,,,,,
8,Upma,1,plate,130,205.2,5.28,29.16,7.56,2.5,69,61,8,44,,,,,,,,,,,,,,,
9,Uppit,1,plate,130,205.2,5.28,29.16,7.56,2.5,69,61,8,44,,,,,,,,,,,,,,,
10,Vermicelli Upma,1,plate,100,228,3.24,24.84,12.6,1.2,55,84,7,49,,,,,,,,,,,,,,,
11,Sevian Upma,1,plate,100,228,3.24,24.84,12.6,1.2,55,84,7,49,,,,,,,,,,,,,,,
12,Aval,1,plate,94,195.6,3.72,43.56,0.72,0.3,83,190,10,117,,,,,,,,,,,,,,,
13,Poha,1,plate,94,195.6,3.72,43.56,0.72,0.3,83,190,10,117,,,,,,,,,,,,,,,
14,Curds Poha,1,plate,100,136,3,16,6.8,1.3,67,200,10,117,,,,,,,,,,,,,,,
15,Avalakki,1,plate,94,195.6,3.72,43.56,0.72,0.3,83,190,10,117,,,,,,,,,,,,,,,
16,Mosaru Avalakki,1,plate,100,163.2,3.6,19.2,8.16,1.3,67,200,10,117,,,,,,,,,,,,,,,
17,Sheera,1,plate,1 KATORI,306,2.4,36.48,17.04,0.8,89,70,6,48,,,,,,,,,,,,,,,
18,Kesari Bath,1,plate,1 KATORI,306,2.4,36.48,17.04,0.8,89,70,6,48,,,,,,,,,,,,,,,
19,Kuzhi Paniyaram,1,piece,20,39.6,0.96,5.4,1.68,0.4,55,20,1,16,,,,,,,,,,,,,,,
20,Ponganalu,1,piece,20,39.6,0.96,5.4,1.68,0.4,55,20,1,16,,,,,,,,,,,,,,,
21,Vada,1,piece,65,135,4.4,11,8.4,3.4,53,120,6,60,,,,,,,,,,,,,,,
22,Paddu,1,piece,20,60,0.8,4.5,4.7,0.4,55,20,1,16,,,,,,,,,,,,,,,
23,Utappa,1,piece,120,226,5.2,31.7,8.7,2.6,55,103,6,17,,,,,,,,,,,,,,,
24,Utapam,1,piece,120,226,5.2,31.7,8.7,2.6,55,103,6,17,,,,,,,,,,,,,,,
25,Tomato Utapam,1,piece,150,226,5.2,31.7,8.7,2.6,48,103,6,17,,,,,,,,,,,,,,,
26,Onion Utapam,1,piece,150,226,5.2,31.7,8.7,2.6,48,103,6,17,,,,,,,,,,,,,,,
27,Neer Dosa,1,piece,21,99,1.4,17,2.4,0.3,50,18,3,45,,,,,,,,,,,,,,,
28,Pongal,1,plate,100,319,7,54,8.1,1.4,45,182,5,55,,,,,,,,,,,,,,,
29,Onion Thalipeeth,1,piece,50,226,5.2,31.7,8.7,2.6,44,94,8,50,,,,,,,,,,,,,,,
30,Thalipeeth,1,piece,50,226,5.2,31.7,8.7,2.6,44,94,8,50,,,,,,,,,,,,,,,
31,Taalipattu,1,piece,50,226,5.2,31.7,8.7,2.6,44,94,8,50,,,,,,,,,,,,,,,
32,Ragi Mudhe,1,piece,150,160,3,21.4,7,3.4,85,200,7,82,,,,,,,,,,,,,,,
33,Rice,1,bowl,155,266.5,5.2,58.5,0.65,0.75,73,68.75,2.5,85,,,,,,,,,,,,,,,
34,Rice,1,big spoon,31,80,1.3,16,0.2,0.15,73,13.75,0.5,17,,,,,,,,,,,,,,,
35,Rasam,1,cup,150,60,0.5,10,3,1,18,164,7,33,,,,,,,,,,,,,,,
36,Saar,1,cup,150,120,1,20,6,1,18,164,7,33,,,,,,,,,,,,,,,
37,Salna,1,cup,150,120,1,20,6,2.4,22,150,6,40,,,,,,,,,,,,,,,
38,Sambar,1,cup,150,120,1,20,6,2.4,22,150,6,40,,,,,,,,,,,,,,,
39,Puliyogare,1,plate,100,238,5.5,44,4.3,1.3,70,53,4,71,,,,,,,,,,,,,,,
40,Bisi Bele Bath,1,plate,124,319,7,54,8.1,2.8,70,169,3,45,,,,,,,,,,,,,,,
41,Til Rice,1,plate,124,286,5.2,43,10,1.1,70,53,4,71,,,,,,,,,,,,,,,
42,Ellu Sadam,1,plate,124,286,5.2,43,10,1.1,70,53,4,71,,,,,,,,,,,,,,,
43,Chitranna,1,plate,124,286,5.2,43,10,1.8,70,53,4,71,,,,,,,,,,,,,,,
44,Lemon Rice,1,plate,124,286,5.2,43,10,1.8,70,53,4,71,,,,,,,,,,,,,,,
45,Sesame Rice,1,plate,124,286,5.2,43,10,1.1,70,53,4,71,,,,,,,,,,,,,,,
46,Brinjal Rice,1,plate,124,286,5.2,43,10,1.6,70,53,4,71,,,,,,,,,,,,,,,
47,Vaangi Bath,1,plate,124,286,5.2,43,10,1.6,70,53,4,71,,,,,,,,,,,,,,,
48,Curd Rice,1,plate,124,268,7,44,7.5,0.6,65,168,21,231,,,,,,,,,,,,,,,
49,Ghee Rice,1,plate,124,233,2.7,25.8,13.2,0.8,70,100,4,70,,,,,,,,,,,,,,,
50,Veg Biriyani,1,plate,124,319,7,54,8.1,1.5,66,53,4,71,,,,,,,,,,,,,,,
51,Thakkali Sadam,1,plate,124,319,7,54,8.1,1.9,70,300,5,80,,,,,,,,,,,,,,,
52,Tomato Rice,1,plate,124,280,5.5,46,8,1.9,70,300,5,80,,,,,,,,,,,,,,,
53,Pulav,1,plate,124,280,5.5,46,8,1.7,66,53,4,71,,,,,,,,,,,,,,,
54,Vegetable Pulao,1,plate,124,280,5.5,46,8,1.7,66,53,4,71,,,,,,,,,,,,,,,
55,Kichdi,1,plate,100,319,7,54,8.1,1.1,70,60,5,89,,,,,,,,,,,,,,,
56,Mushroom Biriyani,1,plate,124,319,7,54,8.1,1.7,70,55,7,80,,,,,,,,,,,,,,,
57,Pudina Rice,1,plate,124,280,5.5,46,8,1,70,300,5,80,,,,,,,,,,,,,,,
58,Cumin Rice,1,plate,124,280,5.5,46,8,0.6,70,60,5,89,,,,,,,,,,,,,,,
59,Jeera Rice,1,plate,124,280,5.5,46,8,0.6,70,60,5,89,,,,,,,,,,,,,,,
60,Veg Fried Rice,1,plate,124,280,5.5,46,8,0.6,66,60,5,89,,,,,,,,,,,,,,,
61,Green Gram Baaji,1,small cup,100,118,5,20,2.5,2.4,40,360,232,180,,,,,,,,,,,,,,,
62,Hesar Kaalu palya,1,small cup,100,118,5,20,2.5,2.4,40,360,232,180,,,,,,,,,,,,,,,
63,Moong Daal,1,small cup,100,118,5,20,2.5,2.4,40,360,232,180,,,,,,,,,,,,,,,
64,Madki Kaal Palya,1,cup,100,120,4,21,3,0.3,38,210,6,160,,,,,,,,,,,,,,,
65,Matki Baaji,1,cup,100,120,4,21,3,0.3,38,210,6,160,,,,,,,,,,,,,,,
66,Moth Beans Baaji,1,cup,100,120,4,21,3,0.3,38,210,6,160,,,,,,,,,,,,,,,
67,Hulli Kaalu Palya,1,cup,100,100,4.5,13,3.5,1,51,190,7,180,,,,,,,,,,,,,,,
68,Horse Gram Baaji,1,cup,100,100,4.5,13,3.5,1,51,190,7,180,,,,,,,,,,,,,,,
69,Bendi kaayi palya,1,cup,100,85.8,1.82,13,3.38,1.6,32,188,15,17,,,,,,,,,,,,,,,
70,bendi baaji,1,cup,100,85.8,1.82,13,3.38,1.6,32,188,15,17,,,,,,,,,,,,,,,
71,Bendi fry,1,cup,100,127.4,1.82,7.8,11.05,1.6,32,188,15,17,,,,,,,,,,,,,,,
72,Kosu Palya,1,cup,100,78,1.3,11.7,2.73,1.4,21,147,15,40,,,,,,,,,,,,,,,
73,Cabbage Baaji,1,cup,100,78,1.3,11.7,2.73,1.4,21,147,15,40,,,,,,,,,,,,,,,
74,Bele Palya,1,cup,100,180,8,20,8,2.8,45,226,188,,,,,,,,,,,,,,,,
75,Daal Fry,1,cup,100,180,8,20,8,2.8,45,226,188,,,,,,,,,,,,,,,,
76,Green Peas baaji,1,cup,120,88.8,2.88,10.8,4.2,1.5,46,230,26,240,,,,,,,,,,,,,,,
77,Green Peas masala,1,cup,120,88.8,2.88,10.8,4.2,1.5,46,230,26,240,,,,,,,,,,,,,,,
78,Bataani Kaalu Palya,1,cup,120,88.8,2.88,10.8,4.2,1.5,46,230,26,240,,,,,,,,,,,,,,,
79,Kulcha,1,piece,70,163,3.8,24.7,5.2,1.2,55,24,2,24,,,,,,,,,,,,,,,
80,Paratha,1,piece,1 PAROTA,140,4.3,23.2,4.2,3.5,52,24,2,24,,,,,,,,,,,,,,,
81,Aloo Paratha,1,piece,100,210,4.92,33.36,6.48,3.8,78,243,7,97,,,,,,,,,,,,,,,
82,Methi Paratha,1,piece,80,243.6,6.96,36,8.16,4.9,46,57,5,64,,,,,,,,,,,,,,,
83,Paneer Paratha,1,piece,80,280.8,8.4,26.4,16.2,3.6,46,57,5,64,,,,,,,,,,,,,,,
84,Alu Gadde Palya,1,cup,100,120,1.44,13.2,6.96,0.6,70,300,,,,,,,,,,,,,,,,,
85,Potato Baaji,1,cup,100,120,1.44,13.2,6.96,0.6,70,300,,,,,,,,,,,,,,,,,
86,Paneer Masala,1,cup,100,164.4,8.76,6.72,11.4,1.1,44,80,,,,,,,,,,,,,,,,,
87,Paneer Baaji,1,cup,100,164.4,8.76,6.72,11.4,1.1,44,80,,,,,,,,,,,,,,,,,
88,Alu Baaji,1,cup,100,120,1.44,13.2,6.96,0.6,70,300,,,,,,,,,,,,,,,,,
89,Alu Mutter,1,cup,100,128.4,3.24,13.2,6.96,1.7,66,300,,,,,,,,,,,,,,,,,
90,Vegetable Baaji,1,cup,100,128.4,3.24,13.2,6.96,1.7,40,80,,,,,,,,,,,,,,,,,
91,Bengan Baaji,1,cup,100,84,1.2,10.8,4.2,2.5,42,80,,,,,,,,,,,,,,,,,
92,Badne Kayi Palya,1,cup,100,84,1.2,10.8,4.2,2.5,42,80,,,,,,,,,,,,,,,,,
93,Brinjal Baaji,1,cup,100,84,1.2,10.8,4.2,2.5,42,80,,,,,,,,,,,,,,,,,
94,Erulli Palya,1,cup,100,84,1.2,10.8,4.2,1.4,36,80,,,,,,,,,,,,,,,,,
95,Onion Baaji,1,cup,100,84,1.2,10.8,4.2,1.4,36,80,,,,,,,,,,,,,,,,,
96,Cluster Bean Bhaaji,1,cup,100,65,2,7,3,2,26,80,,,,,,,,,,,,,,,,,
97,Chavali Kayi Palya,1,cup,100,70,1,9,3.5,3.7,26,80,,,,,,,,,,,,,,,,,
98,Carrot Baaji,1,cup,100,74,1,10,3.5,2.6,44,80,,,,,,,,,,,,,,,,,
99,Gaajar Baaji,1,cup,100,74,1,10,3.5,2.6,44,80,,,,,,,,,,,,,,,,,
100,Southe Kayi Palya,1,cup,100,60,0.5,10,3,0.8,28,80,,,,,,,,,,,,,,,,,
101,Cucumber Baaji,1,cup,100,60,0.5,10,3,0.8,28,80,,,,,,,,,,,,,,,,,
102,Hirekayi Palya,1,cup,100,64,0.5,11,3,0.9,18,80,,,,,,,,,,,,,,,,,
103,Ridge Gourd Baaji,1,cup,100,76.8,0.6,13.2,3.6,0.9,18,80,,,,,,,,,,,,,,,,,
104,Beet Root Baaji,1,cup,100,91.2,0.6,15.6,3.6,2.2,78,80,265,,,,,,,,,,,,,,,,
105,Spinach Baaji,1,cup,100,72,1.2,8.4,3.84,1.2,26,300,,,,,,,,,,,,,,,,,
106,Palak Baaji,1,cup,100,72,1.2,8.4,3.84,1.2,26,300,,,,,,,,,,,,,,,,,
107,Tapioca Baaji,1,cup,100,96,0.36,19.44,1.92,0.4,70,90,,,,,,,,,,,,,,,,,
108,Haagala Kayi Baaji,1,cup,100,76.8,0.6,13.2,3.6,2.1,38,300,,,,,,,,,,,,,,,,,
109,Bitter Gourd Baaji,1,cup,100,76.8,0.6,13.2,3.6,2.1,38,300,,,,,,,,,,,,,,,,,
110,Capsicum Baaji,1,cup,100,72,0.6,12,2.4,1,30,78,,,,,,,,,,,,,,,,,
111,Donne Menasina Kayi Palya,1,cup,100,72,0.6,12,2.4,1,30,78,,,,,,,,,,,,,,,,,
112,Hoo Kosu Palya,1,cup,100,62.4,1.2,7.56,3.48,1.2,28,60,,,,,,,,,,,,,,,,,
113,Cauliflower Baaji,1,cup,100,62.4,1.2,7.56,3.48,1.2,28,60,,,,,,,,,,,,,,,,,
114,Flat Beans Baaji,1,cup,100,84,3.6,9.6,3.6,2.4,19,200,,,,,,,,,,,,,,,,,
115,Avarekayi Palya,1,cup,100,84,3.6,9.6,3.6,2.4,19,200,,,,,,,,,,,,,,,,,
116,Radish Baaji,1,cup,100,50.4,0.48,6,2.64,0.9,18,200,,,,,,,,,,,,,,,,,
117,Moolangi Palya,1,cup,100,50.4,0.48,6,2.64,0.9,18,200,,,,,,,,,,,,,,,,,
118,Mooli Baaji,1,cup,100,50.4,0.48,6,2.64,0.9,18,200,,,,,,,,,,,,,,,,,
119,Pumpkin Baaji,1,cup,100,81.6,0.6,14.4,2.4,1.2,46,245,,,,,,,,,,,,,,,,,
120,Kumbal Kayi Palya,1,cup,100,81.6,1.2,14.4,2.4,1.2,46,245,,,,,,,,,,,,,,,,,
121,Mushroom baaji,1,cup,100,81.6,3.6,9.6,1.92,0.7,52,60,,,,,,,,,,,,,,,,,
122,Methi Baaji,1,cup,100,58.8,1.68,7.56,2.52,1.3,34,70,,,,,,,,,,,,,,,,,
123,Menthe Soppu Palya,1,cup,100,58.8,1.68,7.56,2.52,1.3,34,70,,,,,,,,,,,,,,,,,
124,Fenugreek Leaves Baaji,1,cup,100,58.8,1.68,7.56,2.52,1.3,34,300,,,,,,,,,,,,,,,,,
125,Rajgira Soppu Palya,1,cup,100,54,1.56,3.6,3.84,0.2,29,300,,,,,,,,,,,,,,,,,
126,Tambdi Baaji,1,cup,100,64.8,1.8,4.32,4.6,0.2,29,300,,,,,,,,,,,,,,,,,
127,Laal Math Baaji,1,cup,100,91.8,2.6,6.12,6.5,0.2,29,300,,,,,,,,,,,,,,,,,
128,Amaranth Baaji,1,cup,100,91.8,2.6,6.12,6.5,0.2,29,300,,,,,,,,,,,,,,,,,
129,Yam Baaji,1,cup,100,81.6,0.6,14.4,2.4,1.4,48,300,,,,,,,,,,,,,,,,,
130,Suran Sabji,1,cup,100,81.6,0.6,14.4,2.4,1.4,48,300,,,,,,,,,,,,,,,,,
131,Suvarna Gedde Baaji,1,cup,100,81.6,0.6,14.4,2.4,1.4,48,300,,,,,,,,,,,,,,,,,
132,Puran Poli,1,piece,50,228,4.56,29.04,10.44,3.2,78,50,,,,,,,,,,,,,,,,,
133,Holige,1,piece,50,228,4.56,29.04,10.44,3.2,78,50,,,,,,,,,,,,,,,,,
134,Naan,1,piece,50,178.8,4.44,27.48,5.52,1.3,63,50,,,,,,,,,,,,,,,,,
135,Kulcha,1,piece,70,195.6,4.56,29.64,6.24,1.2,64,50,,,,,,,,,,,,,,,,,
136,Kulcha Butter,1,piece,90,252,4.56,30,12,3.2,60,50,,,,,,,,,,,,,,,,,
137,Bhatoora,1,piece,50,184.8,3.36,19.8,10.08,0.6,60,50,,,,,,,,,,,,,,,,,
138,Phulka,1,piece,35,102,3.6,20.88,0.48,2.7,64,50,,,,,,,,,,,,,,,,,
139,Appam,1,piece,50,118.8,1.2,24.24,2.4,0.7,64,65,,,,,,,,,,,,,,,,,
140,Thepla,1,piece,50,156,4.8,22.32,5.28,3.1,60,65,,,,,,,,,,,,,,,,,
141,Luchi,1,piece,50,200.4,4.8,27.72,7.92,3.6,60,65,,,,,,,,,,,,,,,,,
142,Pathiri,1,piece,30,58.8,0.84,11.28,0.96,0.3,60,65,,,,,,,,,,,,,,,,,
143,Misal Pav,1,serve(2 pav),230,168,4.32,25.2,6,2.3,60,65,,,,,,,,,,,,,,,,,
144,Dhokla,1,piece,50,138,6.12,14.28,6.24,2.1,35,65,,,,,,,,,,,,,,,,,
145,Raagi Semiya Upma,1,plate,150,187.2,4.32,36,3,5.3,80,65,,,,,,,,,,,,,,,,,
146,Oats Dosa,1,piece,40,70.8,1.56,10.68,2.4,0.7,64,65,,,,,,,,,,,,,,,,,
147,Sprouts Dosa,1,piece,50,100.8,4.46,17.28,1.58,0.5,58,65,,,,,,,,,,,,,,,,,
148,Ragi Idli,1,piece,40,86.4,2.16,17.28,0.28,1,104,200,,,,,,,,,,,,,,,,,
149,Rice Idli,1,piece,50,93.6,3,18.12,1.08,1.1,60,65,,,,,,,,,,,,,,,,,
150,Oats Idli,1,piece,40,92.4,3.6,12.6,3,1.8,68,65,,,,,,,,,,,,,,,,,
151,Paneer Parota,1,piece,80,271.2,12.12,19.08,16.44,2.4,46,65,,,,,,,,,,,,,,,,,
152,Onion Parota,1,piece,80,177,4.7,26.4,6.7,4.2,50,65,,,,,,,,,,,,,,,,,
153,Vada Pav,1,piece,90,221,4.4,30,9.2,1,68,65,,,,,,,,,,,,,,,,,
154,Sabudana Vada,1,piece,30,82.8,1.08,5.64,6.36,0.5,70,65,,,,,,,,,,,,,,,,,
155,Sabudana Khichdi,1,plate,100,218.4,2.04,34.44,8.4,1.6,80,65,,,,,,,,,,,,,,,,,
156,Idiyappam,1,piece,50,92.4,1.44,18.84,0.96,0.5,64,65,,,,,,,,,,,,,,,,,
157,Akki Roti,1,piece,80,162,2.2,26.8,4.9,1.4,78,65,,,,,,,,,,,,,,,,,
158,Chana Masala,1,small cup,100,130,5.6,20.5,3.1,5.5,220,300,,,,,,,,,,,,,,,,,
159,Kadli Kaal Baaji,1,small cup,100,130,5.6,20.5,3.1,5.5,11,300,,,,,,,,,,,,,,,,,
160,Bengal Gram Baaji,1,small cup,100,130,5.6,20.5,3.1,5.5,11,65,,,,,,,,,,,,,,,,,
161,Chick Pea Baaji,1,small cup,100,130,5.6,20.5,3.1,5.5,11,300,,,,,,,,,,,,,,,,,
162,Mohan Bhog,1,plate,130,255,2,30.4,14.2,0.8,49,40,,,,,,,,,,,,,,,,,
163,Sooji Halwa,1,plate,130,255,2,30.4,14.2,0.8,49,50,,,,,,,,,,,,,,,,,
164,Mixed Dal Dosa,1,piece,60,133,3.7,16.9,5.5,1.7,58,65,,,,,,,,,,,,,,,,,
165,Kachori,1,piece,50,187,4,18.4,10.9,3,60,65,,,,,,,,,,,,,,,,,
166,Gobi Parata,1,piece,80,164,4.9,25.1,5.9,4.1,60,65,,,,,,,,,,,,,,,,,
167,Set Dosa,1,piece,40,75.6,1.32,14.16,1.56,0.1,63,65,,,,,,,,,,,,,,,,,
168,Pav Bhaji,1,plate(2pav+baaji),250,190,4.6,21,10,2.4,64,65,,,,,,,,,,,,,,,,,
169,Bengan Bharta,1,cup,150,84,2.4,9.48,4.08,6.6,49,65,,,,,,,,,,,,,,,,,
170,Paneer Butter Masala,1,cup,150,237.6,7.2,8.04,20.4,3.1,50,65,,,,,,,,,,,,,,,,,
171,Paneer Tikka,1,piece,39,96,5.04,3.24,7.08,0.6,56,65,,,,,,,,,,,,,,,,,
172,Tea,1,cup (150ml),150ml,30,0.1,7.5,0.1,,78,65,,,,,,,,,,,,,,,,,
173,Good Day Biscuit,1,piece,8gram,41,0.5,5.3,2,,75,12,,,,,,,,,,,,,,,,,
174,Ragi Ambli,1,large cup,250 ml,126,6,26.4,0.12,,104,300,,,,,,,,,,,,,,,,,
175,Ragi Malt,1,large cup,250 ml,126,6,26.4,0.12,,104,300,,,,,,,,,,,,,,,,,
176,Ragi Ganji,1,large cup,250 ml,126,6,26.4,0.12,,104,300,,,,,,,,,,,,,,,,,
177,Chivda,1,plate,,175,3.5,18.5,10,,75,60,,,,,,,,,,,,,,,,,
178,Paruppu Vadai,1,piece,,91,2.1,6.2,6.4,,50,100,,,,,,,,,,,,,,,,,
179,Daal Vada,1,piece,,91,2.1,6.2,6.4,,50,100,,,,,,,,,,,,,,,,,
180,Masala Vada,1,piece,,91,2.1,6.2,6.4,,50,100,,,,,,,,,,,,,,,,,
181,Chakli,1,piece,,42,0.3,3.5,2.9,,63,50,,,,,,,,,,,,,,,,,
182,Aloo Tikki,1,piece,,92.4,1.44,11.4,4.56,,70,300,,,,,,,,,,,,,,,,,
183,Alu Tikki,1,piece,,92.4,1.44,11.4,4.56,,70,300,,,,,,,,,,,,,,,,,
184,Badam,1,piece,1.5gram,10,0.27,0.1,1,,20,200,,,,,,,,,,,,,,,,,
185,Almond,1,piece,1.5gram,10,0.27,0.1,1,,20,200,,,,,,,,,,,,,,,,,
186,Cashewnut,1,piece,1.6 gram,9,0.2,0.5,0.7,,18,70,,,,,,,,,,,,,,,,,
187,Noodles Maggie,1,plate,70gram,310,6,43,13,,75,68,,,,,,,,,,,,,,,,,
188,Marie Biscuit,1,piece,,18.5,0.25,3,0.5,,60,10,,,,,,,,,,,,,,,,,
189,Milk,1,large cup,250,150,8.75,12.5,7.5,,37,300,,,,,,,,,,,,,,,,,
190,Boost Milk,1,small cup,150ml,166,7,24,5,,70,200,,,,,,,,,,,,,,,,,
191,Banana,1,medium size,118 gram,105,1.3,27,0.4,,50,425,,,,,,,,,,,,,,,,,
192,Bun,1,slice,29gram,77,2.6,14,1,,75,20,,,,,,,,,,,,,,,,,
193,Bread,1,slice,29gram,77,2.6,14,1,,75,20,,,,,,,,,,,,,,,,,
194,Curd,1,small cup,150ml,38,1.9,0.1,2.5,,50,210,,,,,,,,,,,,,,,,,
195,Junaka,1,small cup,150ml,101,3,11,5,,64,40,,,,,,,,,,,,,,,,,
196,Pitla,1,small cup,150ml,101,3,11,5,,64,40,,,,,,,,,,,,,,,,,
197,Pithla Bakri,1,small cup,150ml,101,3,11,5,,64,40,,,,,,,,,,,,,,,,,
198,Parle Biscuit,1,piece,6.3gram,29,0.4,4.8,0.9,,70,12,,,,,,,,,,,,,,,,,
199,Apple,1,piece,182 gram,95,0.5,25,0.3,4.4,50,60,,,,,,,,,,,,,,,,,
200,Kajur,1,piece,7 gram,20,0.2,5.3,0.1,0.6,102,210,,,,,,,,,,,,,,,,,
201,Dates,1,piece,7 gram,20,0.2,5.3,0.1,0.6,102,210,,,,,,,,,,,,,,,,,
202,Ghee,1,tea spoon,5 ml,45,0.1,0.1,5,,0.1,40,,,,,,,,,,,,,,,,,
203,Chocolate,1,piece,7g,37,0.5,4.2,2.1,,40,40,,,,,,,,,,,,,,,,,
204,Chapathi 9 Inch,1,piece,9 inch,196.8,6.12,32.52,5.22,3.15,52,40,,,,,,,,,,,,,,,,,
205,Jowar Roti 9 Inch,1,piece,9 inch,124,3,25.7,1,2.25,60,40,,,,,,,,,,,,,,,,,
206,Pomegranate,1,small cup,150ml,144,3,32,2,6,51,300,,,,,,,,,,,,,,,,,
207,Rusk,1,piece,10gram,41,1.4,7,0.7,,70,40,,,,,,,,,,,,,,,,,
208,Egg,1,piece,50gram,72,6,0.4,4.8,,38,40,,,,,,,,,,,,,,,,,
209,Barfi,1,piece,,125,3,17,5.3,,11,40,,,,,,,,,,,,,,,,,
210,Samosa,1,piece,100gram,262,3.5,24,17,,60,40,,,,,,,,,,,,,,,,,
211,Chips,1,piece,,10,0.12,0.9,0.67,,76,40,,,,,,,,,,,,,,,,,
212,Egg Curry,1,large cup,,187.2,8.52,12.84,10.8,,55,40,,,,,,,,,,,,,,,,,
213,guava,1,medium size,50gram,37,1.3,7.2,0.5,,52,60,,,,,,,,,,,,,,,,,
214,Orange,1,medium size,131gram,62,1.2,15.4,0.1,,45,200,,,,,,,,,,,,,,,,,
215,Mutton Curry,1,large cup,118,272,17.5,25.32,11,,60,60,,,,,,,,,,,,,,,,,
216,Chicken Curry,1,large cup,117.5gram,285,19.6,25.6,11,,50,70,,,,,,,,,,,,,,,,,
217,Apricot,1,piece,35gram,17,0.5,4,0.1,,27,90,,,,,,,,,,,,,,,,,
218,Anjeer,1,piece,8.4,21,0.3,5.4,0.1,,32,90,,,,,,,,,,,,,,,,,
219,Fig,1,piece,8.4,21,0.3,5.4,0.1,,32,90,,,,,,,,,,,,,,,,,
220,Walnut,1,piece,4gram,26,0.6,0.6,2.6,,18,90,,,,,,,,,,,,,,,,,
221,Grapes,1,piece,4.9,3.4,0.03,0.9,0.01,,46,60,,,,,,,,,,,,,,,,,
222,Kiwi Fruit,1,piece,69 gram,42,0.8,10,0.4,,52,210,,,,,,,,,,,,,,,,,
223,Mosaru,1,small cup,56 gram,34,1.9,2.6,1.9,,18,210,,,,,,,,,,,,,,,,,
224,Curds,1,small cup,56 gram,34,1.9,2.6,1.9,,18,210,,,,,,,,,,,,,,,,,
225,Orange Juice,1,large cup,250ml,112,1.7,26,0.5,,60,235,,,,,,,,,,,,,,,,,
226,Kheer,1,large cup,250ml,263,8.3,35,11,,80,,,,,,,,,,,,,,,,,,
227,Chutney Coconut,1,cup,17gram,25.2,0.96,2.04,1.68,,36,70,,,,,,,,,,,,,,,,,
228,Chutney Nariyal,1,cup,17gram,25.2,0.96,2.04,1.68,,36,40,,,,,,,,,,,,,,,,,
229,Chutney Kobri,1,cup,17gram,25.2,0.96,2.04,1.68,,36,40,,,,,,,,,,,,,,,,,
230,Sweet Lime,1,medium size,100gram,33.6,0.12,13.2,0.12,,50,210,,,,,,,,,,,,,,,,,
231,Mosambi,1,medium size,100gram,51.6,1.2,13.2,0.12,,50,210,,,,,,,,,,,,,,,,,
232,Tawa Roti,1,piece,10cm,106,3,22,0.1,,,40,,,,,,,,,,,,,,,,,
233,Jowar Malt,1,large cup,250 ml,105,5,22,0.1,,77,40,,,,,,,,,,,,,,,,,
234,Jowar Ambli,1,large cup,250 ml,105,5,22,0.1,,77,40,,,,,,,,,,,,,,,,,
235,Pearl Millet Roti,1,piece,,123,3.3,19.1,3.8,,49,40,,,,,,,,,,,,,,,,,
236,Bajra Roti,1,piece,,123,3.3,19.1,3.8,,49,40,,,,,,,,,,,,,,,,,
237,Barley Roti/ Chapathi,1,piece,,123,3.3,19.1,3.8,,48,40,,,,,,,,,,,,,,,,,
238,Rajma Baaji,1,cup,50,72,3,12,1.2,,19,220,,,,,,,,,,,,,,,,,
239,Kidney Beans Baaji,1,cup,50,72,3,12,1.2,,19,220,,,,,,,,,,,,,,,,,
240,Chilli Bajji,1,piece,,122,1,16.7,6.4,,40,50,,,,,,,,,,,,,,,,,
241,Mirchi Baji,1,piece,,122,1,16.7,6.4,,40,50,,,,,,,,,,,,,,,,,
242,Fish Fry,1,piece,150gram,211,13,15,11,,55,300,,,,,,,,,,,,,,,,,
243,Pani Puri,1,piece,,36,0.1,4,2,,50,20,,,,,,,,,,,,,,,,,
244,Mutton Biriyani,1,plate,150gram,344.4,10.8,48,13.2,,67,70,,,,,,,,,,,,,,,,,
245,Lassi,1,large cup,250 ml,160,7,26,3,,30,100,,,,,,,,,,,,,,,,,
246,Chicken Biriyani,1,plate,150gram,354,12,48,13.2,,68,70,,,,,,,,,,,,,,,,,
247,Sandwich,1,piece,2 slice bread,155,6,28,2,,69,60,,,,,,,,,,,,,,,,,
248,Chicken Popcorn,1,piece,6.4gram,26.4,1.32,1.68,1.68,,40,40,,,,,,,,,,,,,,,,,
249,Omlet(1 egg),1,piece,1egg,130,7,5.5,8.5,,55,40,,,,,,,,,,,,,,,,,
250,Yogurt,1,small cup,120,80,6,9,2,,21,230,,,,,,,,,,,,,,,,,
251,Beef Curry,1,large cup,118,217,12.5,19,10,,60,70,,,,,,,,,,,,,,,,,
252,Fish Curry,1,large cup,117.5gram,211,14,16,10,,55,340,,,,,,,,,,,,,,,,,
253,Tea Sugarless,1,small cup,150ml,5,0.1,1,0.1,,10,20,,,,,,,,,,,,,,,,,
254,7Up,1,small bottle,250,94,0.1,23,0.1,,80,200,,,,,,,,,,,,,,,,,
255,Sprite,1,small bottle,250,120,0.1,30,0.1,,80,200,,,,,,,,,,,,,,,,,
256,rum - 180 ml,1,serving,,428,0.1,107,0.1,,90,60,,,,,,,,,,,,,,,,,
257,rum - 60ml,1,serving,,142,0.1,35.5,0.1,,90,60,,,,,,,,,,,,,,,,,
258,rum - 30 ml,1,serving,,71,0.1,18,0.1,,90,60,,,,,,,,,,,,,,,,,
259,rum - 90 ml,1,serving,,214,0.1,53.5,0.1,,90,60,,,,,,,,,,,,,,,,,
260,Vodka - 180 ml,1,serving,,384,0.1,96,0.1,,90,60,,,,,,,,,,,,,,,,,
261,Vodka - 60ml,1,serving,,128,0.1,32,0.1,,90,60,,,,,,,,,,,,,,,,,
262,vodka - 90 ml,1,serving,,192,0.1,48,0.1,,90,60,,,,,,,,,,,,,,,,,
263,Vodka - 30 ml,1,serving,,64,0.1,16,0.1,,90,60,,,,,,,,,,,,,,,,,
264,whisky - 180 ml,1,serving,,428,0.1,107,0.1,,90,60,,,,,,,,,,,,,,,,,
265,whisky - 60 ml,1,serving,,142,0.1,35.5,0.1,,90,60,,,,,,,,,,,,,,,,,
266,whisky - 30 ml,1,serving,,71,0.1,18,0.1,,90,60,,,,,,,,,,,,,,,,,
267,whisky - 90 ml,1,serving,,214,0.1,53.5,0.1,,90,60,,,,,,,,,,,,,,,,,
268,Peanuts Roasted,1,cup,20,118,4.8,4.2,10,1.6,30,126,82,,0.8,1.8,,,,,,,,,,,,,
269,Papad baked,1,piece,9,29,1.3,3.4,1.1,0.7,30,53,40,,0.9,1.9,1.4,,0.3,,,,,,,,,,
270,Papad Oil,1,piece,10,50.7,1.44,4.07,3.15,0.08,30,40,,,,,,,,,,,,,,,,,
271,Masala Papad,1,piece,28.34,126,8.76,20.4,1.08,5.3,30,284,495,,40.54,2.21,,,,,,,,,,,,,
272,French Fries,1,plate,71,222,2.4,29,10,2.7,80,411.1,149.1,,1,3,,,5,,,,,,,,,,
273,KFC popcorn chicken,1,piece,5.6,19.7,1,1.2,1.2,1,40,20,1140,,32,1.42,,,,,,,,,,,,,
274,Chicken breast,1,piece,100,165,31,85,3.6,2,40,70,74,,1,5,,,,,,,,,,,,,
275,Ham Burger,1,piece,226,540,34,40,27,0.9,60,70,414,,10,16,,,,,,,,,,,,,
276,Pizza,1,slice,107,285,12.2,35.7,10.4,2.5,70,70,640,,20,15,,,,,,,,,,,,,
277,Khus Sharbat / drink,1,tea cup,120 ml,178,1.3,42.2,2.1,1.2,90,338.9,2.5,12.6,87.8,0.3,,,,,,,,,,,,,
278,Lemon Juice / Sharbat,1,large cup,250 ml,53,0.9,17,0.6,0.7,80,251.3,2.4,,1,1,,,,,,,,,,,,,
279,Butter milk,1,large cup,245 ml,99,8,12,2.2,0.1,60,370,257.3,,28,,,,,,,,,,,,,,
280,Pudina Jeera pani,1,cup,,21,0.1,4.9,0.1,0.2,60,80,484.6,,,,,,,,,,,,,,,,
281,Lime Soda,1,large cup,184 ml,75.5,0.2,19,0.1,0.1,20,1.9,18.5,,0.3,0.2,,,,,,,,,,,,,
282,Chicken Kurma,1,bowl,79.5,251.2,8.4,26.44,13.2,0.6,20,133,128.5,,3,4.5,,,,,,,,,,,,,
283,Chicken Drumstick,1,piece,91,167,22,2,8.2,0.1,40,90,89,,0.8,5.5,,,,,,,,,,,,,
284,Grilled Chicken,1,thigh,95,235,21,6,14,0.1,40,200,318.3,,1,4,,,,,,,,,,,,,
285,Chicken Wing,1,piece,27,105.6,5.4,3.12,7.8,0.1,40,46,105,,0.4,1.7,,,,,,,,,,,,,
286,Butter Chicken gravy,1,bowl,120,253,13.8,18.4,13.8,1,40,236,125.5,,4.9,8,,,,,,,,,,,,,
287,Chilli Chicken,half,plate,107,195,10.5,15.5,10,1.4,40,236,177.5,,3,6.5,,,,,,,,,,,,,
288,Chicken Manchurian,half,plate,175,230,8,26,10.4,2.5,40,236,590,,3,12.5,,,,,,,,,,,,,
289,Chicken Kolhapuri gravy,half,bowl,,288.64,14.4,23.52,14.72,0.1,40,236,,,,,,,,,,,,,,,,,
290,Barbecue Chicken,1,piece,86,145,15,46,4.2,0.2,40,236,303,,1.2,5,,,,,,,,,,,,,
291,Chicken tikka,half,plate,126.5,194.6,19.8,11.6,7.2,1.1,40,236,134,,4.2,5.5,,,,,,,,,,,,,
292,Pepper chicken,half,plate,100.5,168.6,13.8,12.6,7.2,1.1,40,182,377,,1.4,4.2,,,,,,,,,,,,,
293,Chicken cutlet,1,piece,127,162.6,8.6,19.6,5.04,0.8,40,273,189,,3.8,11,,,,,,,,,,,,,
294,Chicken fried Rice,1,plate,179,368,19,45,12,0.9,40,236,354,,3,6.7,,,,,,,,,,,,,
295,Chicken Nuggets,1,piece,19,49,2.5,2.4,3.3,0.1,40,40,95,,0.1,0.1,,,,,,,,,,,,,
296,Lamb Meat ball / keema,1,piece,25,93,4.9,6.5,5.2,0.1,40,72,149,,1,3,,,,,,,,,,,,,
297,Lamb Meat curry,half,bowl,125.8,255,12,20,14,0.8,40,225.3,38,,1.7,8.3,,,,,,,,,,,,,
298,Tomato Soup,1,large cup,250,108,2.4,21.6,1.2,1.3,40,400,910,,4,8,,,,,,,,,,,,,
299,Tomato Shorba,1,large cup,250,90,2,18,1,1.3,40,400,910,,4,8,,,,,,,,,,,,,
300,Chicken Soup with noodles,1,large cup,250,207,7.68,26.8,14,1,40,109,1731,,2.3,18,,,,,,,,,,,,,
301,Mix Vegetable Soup,1,large cup,250,104,3.9,16.9,2.6,3.4,40,160,1219,,3.3,11,,,,,,,,,,,,,
302,Sweet corn soup,1,large cup,250,122,2.9,24,3.3,2.5,40,120,705,,2,4,,,,,,,,,,,,,
303,Hot n Sour Soup,1,large cup,250,104,6.5,11.7,3.25,0.5,40,55,376,,1,3,,,1.3,,,,,,,,,,
304,Gujarathi kadhi,1,large cup,250,161,5.5,16.1,1.9,6.7,40,150,21.8,128,147,0.8,,,,,,,,,,,,,
305,Khakhra,1,piece,,54,1.4,7.9,2,1.4,60,35.7,2.2,40.4,8.4,0.6,,,,,,,,,,,,,
306,Pudding,1,small cup,100,120,3.2,20,3.2,0.8,80,150,98,,10,1,,,,,,,,,,,,,
307,Bread Pudding,1,small cup,100,188.5,3.9,36,3.6,0.7,80,189.5,95,,8,3.5,,,,,,,,,,,,,
308,Pumpkin Bread Pudding,1,small cup,100,210,33,33,6,0.1,80,100,55,,,,,,,,,,,,,,,,
309,Rabdi,1,small cup,120,256,8,39,8,0.1,80,60,95,650,1050,1,,,,,,,,,,,,,
310,Malpua,1,piece,,123,0.8,21.1,3.9,0.1,80,18,4.8,5.4,9.8,0.1,,,,,,,,,,,,,
311,Kokam sharbat,1,small cup,100 ml,74,0.2,18.5,0.2,,60,,,,,,,,,,,,,,,,,,
312,Milk shake,1,large cup,250 ml,351,6,50,9.5,,60,573,95,,14,1,,,,,,,,,,,,,
313,Banana Milk shake,1,large cup,250 ml,301,6.8,50.1,9,2.3,60,573,65.4,175.6,231.5,0.7,,,,,,,,,,,,,
314,Peanut butter,1,tbsp (table spoon),16,94,3.5,3.9,8,0.1,30,60,17,,4,10,,,,,,,,,,,,,
315,Chocolate milk shake,1,large cup,250,371,8.2,51,17,0.1,60,494,153,,25,9,,,,,,,,,,,,,
316,Dry fruits milk shake,1,large cup,250,360,8,48,18,2,60,206.4,16.3,170,199.4,1,,,,,,,,,,,,,
317,Macaroni pasta,1,bowl,100,371,13,75,1.5,3.2,55,223,6,,2,7,,,,,,,,,,,,,
318,Bengali Coconut daal,1,cup,100,117,5,13,5,5.4,50,200,600,,,,,,,,,,,,,,,,
319,daal makhani,1,cup,100,128,4,10,8,10,55,210,372,,8,26,,,,,,,,,,,,,
320,Shengha holige,1,piece,40,182,4.06,26.02,7.39,1.88,80,70,,,,,,,,,,,,,,,,,
321,Kayi holige,1,piece,,158,4.06,20,7.39,2,80,60,40,,2,1,,,,,,,,,,,,,
322,Naariyal poran poli,1,piece,,158,4.06,20,7.39,3,80,128,9,,8,2,,,,,,,,,,,,,
323,Chicken kathi Roll,1,roll,,170,8,21,6,1.6,45,150,59,,,,,,,,,,,,,,,,
324,Fried Chicken + Egg Roll,1,roll,80,185,8,18,9,1.9,45,225,382,,2.9,7.5,,,,,,,,,,,,,
325,Chicken spring roll,1,roll,57,181,8,17,9,0.9,45,108,311,,1.1,5.3,,,,,,,,,,,,,
326,Matar Paneer kathi roll,1,roll,200,182,7,25,6,3,45,,880,,15,25,,,,,,,,,,,,,
327,Paneer Tikka roll,1,roll,170,210,5.5,24,10,1.5,45,160,370,,78,3,,,,,,,,,,,,,
328,Vegetable kathi roll,1,roll,200,150,4,20,6,3,45,70,760,,8,25,,,,,,,,,,,,,
329,Bacon & Mashroom roll,1,piece,35,182,7,25,6,0.2,,79,206,,2,4,,,,,,,,,,,,,
330,Rasmalai,1,piece,50,144,5.85,20,4.55,1,80,,15,,17.5,1,,,,,,,,,,,,,
331,Rasgulla,1,piece,131,122,1,25,2,1.8,80,74,26,,4.9,0.2,,,,,,,,,,,,,
332,Rice Kheer with Jaggery,1,large cup,150,302,4,49,10,1.35,80,70,,,,,,,,,,,,,,,,,
333,Chum Chum,1,piece,15,93,0.5,16,3,0.01,80,60,,,,,,,,,,,,,,,,,
334,Eachor Kosha,1,cup,,115,2,20,3,1,40,70,80.1,93.6,26.8,1.2,,,,,,,,,,,,,
335,Jackfruit curry (Eachor Kosha),1,cup,,115,2,20,3,1,40,70,80.1,93.6,26.8,1.2,,,,,,,,,,,,,
336,Boriya Diya Palang Saag (palak gravy),1,cup,,103,5.6,13.3,3.4,2,45,326.8,25.7,,43.7,1.7,,,,,,,,,,,,,
337,Bati chorchori,1,cup,,75.6,4.2,109.2,6.36,1.4,40,70,17,122,30.2,1,,,,,,,,,,,,,
338,Papaya Tarkari,1,cup,,72,0.96,9.96,1.44,2.6,,100.9,8.8,,27.2,0.6,,,,,,,,,,,,,
339,"Sojana Data Posto (dry drumstick , poppy seed sabzi)",1,cup,,61.9,2.3,4.8,4.8,2.6,40,164.5,0.4,,22.7,0.2,,,,,,,,,,,,,
340,Mulor Ghanto,1,cup,,77,1.1,12.3,4.6,2.6,40,138,23.4,,28.7,0.7,,,1.2,,,,,,,,,,
341,Bengali Matarsutir Dal,1,cup,,88,5.1,11.3,6.1,2.6,40,61.4,5.6,97.9,14.4,1.1,,,,,,,,,,,,,
342,Khalo dal,1,cup,,118,7,18.7,3.5,1.7,40,247,11.9,,51.2,4.1,,,,,,,,,,,,,
343,Dhabey ki dal,1,cup,,130,6,18,4.3,2,40,70,18.1,139.6,73.1,1.8,,,,,,,,,,,,,
344,Mooli makai ki roti,1,piece,,126,1.1,12.3,1.4,3,40,61.8,3.8,,4.2,0.1,,,,,,,,,,,,,
345,Chawli leaves Parota,1,piece,,104.4,3.48,18.12,3.48,2,40,70,35.2,77.5,63.4,1.4,,,,,,,,,,,,,
346,Dabeli,1,piece,,147,3,12,3,0.1,80,70,58,49.8,22.6,1.4,,,,,,,,,,,,,
347,Gujarathi Patra,1,piece,,111,1,20,3,1,75,60,76.8,407.4,235.9,12.7,,,,,,,,,,,,,
348,Bhakarwadi Mini,1,cup,,121,3,16,2,5,70,108,27.1,,204.9,4.3,,,,,,,,,,,,,
349,Fulwadi / Phoolwadi snack,1,piece,,48.96,1.152,3.744,3.168,0.6,70,28.2,2.9,13.4,3.3,0.2,,,,,,,,,,,,,
350,Vaal Ni Dal (Masala Chawli / Khatti Meethi dal),1,cup,,115,4,18,3,8.3,65,100,17.4,414,58.9,2.7,,,,,,,,,,,,,
351,Dapka Kadhi,1,cup,,131,4,22,3,7.9,70,70,34,118.1,96.5,2.9,,,,,,,,,,,,,
352,Fajeta,1,cup,,134,3,11.3,0.7,7.3,50,60,15.8,81.4,112.6,0.6,,,,,,,,,,,,,
353,methi Muthia steamed,1,piece,,110,1,18,2,7.2,60,70,55.4,90.7,147.4,3.2,,,,,,,,,,,,,
354,Karela muthia steamed,1,piece,,102,1,16,2,3,60,70,18.9,129.6,32.9,1.9,,,,,,,,,,,,,
355,Modak Steamed,1,piece,,126,1.2,20.1,1.6,0.1,80,43.7,1.9,39.1,9.4,0.4,,,,,,,,,,,,,
356,Modak Fried,1,piece,,180,3.5,20.6,2.8,0.1,75,40,4.6,98.8,47.2,1,,,,,,,,,,,,,
357,Mawa / khoya Modak steamed,1,piece,,85,3.1,8.1,4.5,0.2,40,16.3,0.2,65.1,134.7,0.1,,,,,,,,,,,,,
358,Coconut Burfi,1,piece,45,182,1.6,29,7.7,2,70,70,27,,1,3,,,,,,,,,,,,,
359,Basundi (Maharastrian desert),1,cup,150,180,3,26.8,7,0.1,70,70,41.4,297.3,459.7,0.6,,,,,,,,,,,,,
360,Bharli Bendi (stuffed okra),1,cup,,182.1,4,17.3,13,5,40,70,297.5,85,11.6,15.5,,,,,,,,,,,,,
361,Shrikand,1,cup,,178,3,26,7,0.1,80,40,48.2,329.9,532.9,0.5,,,,,,,,,,,,,
362,Rava Laddu,1,piece,30,147,2,20,6,1,80,59,1,,4,0.8,,,,,,,,,,,,,
363,Besan laddu,1,piece,42,211,4.2,24,11,2,80,40,12,,1,5,,,,,,,,,,,,,
364,Bombay Biriyani,1,plate,10,328,16.4,41,8.2,2,60,70,800,,4,6,,,,,,,,,,,,,
365,Karanji,1,piece,,126,1.4,11.9,0.1,8.1,80,11.2,1.4,19.9,8.2,0.4,,,,,,,,,,,,,
366,Karjikai,1,piece,,126,1.4,11.9,0.1,8.1,80,11.2,1.4,19.9,8.2,0.4,,,,,,,,,,,,,
367,Kajjikayalu,1,piece,,126,1.4,11.9,0.1,8.1,80,11.2,1.4,19.9,8.2,0.4,,,,,,,,,,,,,
368,Gujiya,1,piece,,126,1.4,11.9,0.1,8.1,80,11.2,1.4,19.9,8.2,0.4,,,,,,,,,,,,,
369,Karachika,1,piece,,126,1.4,11.9,0.1,8.1,80,11.2,1.4,19.9,8.2,0.4,,,,,,,,,,,,,
370,Akka Masoor (Kholapuri style),1,cup,100,96,3,12,4,15,40,70,593,,4,22,,,,,,,,,,,,,
371,Matki Sprouts curry ( madake kalu saru),1,cup,100,120,4,21,3,0.3,38,210,,,,,,,,,,,,,,,,,
372,Mixture,1,plate,28,160,5,8,12,1,60,,207,,3,4,,,,,,,,,,,,,
373,Gajar Ka Halwa,1,cup,114,134,2,17.5,6.5,1.1,80,221.5,51.5,,8.5,2,,,,,,,,,,,,,
374,Badam Halwa,1,cup,,176,6,20.5,8,2,80,127.9,3.9,89.6,68.7,0.7,,,,,,,,,,,,,
375,Bread Halwa,1,cup,165,134,2,17.5,6.5,0.1,80,239,247,,13,9.2,,,,,,,,,,,,,
376,Moong dal Halwa,1,cup,,212,3.9,27.7,1,2,80,161.8,6.8,74.6,47.1,0.5,,,,,,,,,,,,,
377,Atta Halwa (wheat halwa),1,cup,,134,2,17.5,6.5,1,80,68.2,4.3,76.9,10.4,1.1,,,,,,,,,,,,,
378,Lauki / Doodhi halwa (Bottle Gourd),1,cup,,116,2,12,6.5,2,80,49.2,2.3,90.2,197.6,0.2,,,,,,,,,,,,,
379,Karachi halwa,1,cup,100,134,2,17.5,6.5,1,80,68.2,12.5,,260.7,9.5,,,,,,,,,,,,,
380,Kolhapuri gravy,1,cup,,162.5,2.6,23.4,6.5,1,50,60,89.8,91.9,106.7,1.8,,,,,,,,,,,,,
381,Maharashtrian Kadhi,1,cup,170,216,5,16,3,0.1,50,200,704,,10,4,,,,,,,,,,,,,
382,Banana Baji (raw banana),1,piece,,90,2,10,3,1,50,200,100,,,,,,,,,,,,,,,,
383,Tendli Baat,1,plate,,170,3,31,5,1,70,60,21.6,125.4,91.3,1.8,,,,,,,,,,,,,
384,Garlic palak rice,1,plate,,217.1,3.51,39,6.5,1,70,173.5,32.2,55.2,69.5,1.6,,,1.3,,,,,,,,,,
385,Veg Cutlet,1,piece,53,124,2,21,3,0.5,60,60,370,,2,6,,,,,,,,,,,,,
386,Bread Potato Roll,1,piece,35,93,2,18,1.1,0.5,75,251,131,,5.1,4.4,,,,,,,,,,,,,
387,Bread cutlet,1,piece,,69,1,14,1,0.1,75,30.1,2.1,,5.2,0.1,,,,,,,,,,,,,
388,Corn cutlet,1,piece,,76,1.4,15,1,0.5,55,70,3.2,,21.1,0.2,,,,,,,,,,,,,
389,Cheese Noodle cutlet,1,piece,,98,2,18,3,0.3,50,54,68.7,34.2,36,0.4,,,,,,,,,,,,,
390,Shankarpara,1,piece,,33,0.5,5,1.2,0.1,80,60,19.4,302.9,79.4,3.9,,,,,,,,,,,,,
391,Shankarpali,1,piece,,33,0.5,5,1.2,0.1,80,60,19.4,302.9,79.4,3.9,,,,,,,,,,,,,
392,Chakali,1,piece,,42,0.3,3.5,0.1,2.9,70,4.7,3.4,,6,,,,,,,,,,,,,,
393,Chakkuli,1,piece,,42,0.3,3.5,0.1,2.9,70,4.7,3.4,,6,,,,,,,,,,,,,,
394,Murukku,1,piece,,42,0.3,3.5,0.1,2.9,70,4.7,3.4,,6,,,,,,,,,,,,,,
395,Chakri,1,piece,,42,0.3,3.5,0.1,2.9,70,4.7,3.4,,6,,,,,,,,,,,,,,
396,Chakralu,1,piece,,42,0.3,3.5,0.1,2.9,70,4.7,3.4,,6,,,,,,,,,,,,,,
397,Begun Bhaja,1,piece,,51,1.5,4.6,3,0.3,50,119.5,4.3,31.6,12.6,0.4,,,,,,,,,,,,,
398,Ringan Na Kaap,1,piece,,43,1.5,4.6,3,2.1,50,119.5,4.3,31.6,12.6,0.4,,,,,,,,,,,,,
399,Brinjal fry,1,piece,,43,1.5,4.6,3,2.1,50,119.5,4.3,31.6,12.6,0.4,,,,,,,,,,,,,
400,Badam Milk,1,large cup,200ml,155,6,26,3,0.1,60,70,,98,46,1,,,,,,,,,,,,,
401,Kesar Milk,1,large cup,200ml,155,6,26,3,0.1,60,70,19.3,160.9,219.4,0.6,,,,,,,,,,,,,
402,Coconut Rice,1,cup,163,313,5.1,54,8.4,0.5,70,60,401,,0.8,9.9,,,,,,,,,,,,,
403,Thengai sadam,1,cup,163,313,5.1,54,8.4,0.5,70,60,401,,0.8,9.9,,,,,,,,,,,,,
404,Naariyal chawal,1,cup,163,313,5.1,54,8.4,0.5,70,60,401,,0.8,9.9,,,,,,,,,,,,,
405,Maharashtrian Masala bath,1,plate,,181,4.9,37.1,4.4,1.6,70,60,11.2,104,22.3,0.9,,,,,,,,,,,,,
406,Veg Frankie,1,piece,,267,4.6,36.1,11.9,0.5,60,227.7,48.5,110.6,32.4,1.6,,,,,,,,,,,,,
407,Ragda patties,1,plate,,233,7,40,5,0.5,60,200,16.8,192.1,75.6,5.6,,,,,,,,,,,,,
408,Sheer Khurma,1,large cup,,312,8.3,38.6,16,1,80,172.7,79.1,239,334.1,1.2,,,,,,,,,,,,,
409,firni,1,large cup,250,332,7,48,13,1.3,80,70,115,,32,7,,,,,,,,,,,,,
410,Phirni,1,large cup,250,332,7,48,13,1.3,80,70,115,,32,7,,,,,,,,,,,,,
411,Balushahi,1,piece,32.7,132,1.6,16.4,7,0.1,80,70,,,,,,,,,,,,,,,,,
412,Badusha,1,piece,32.7,132,1.6,16.4,7,0.1,80,70,,,,,,,,,,,,,,,,,
413,Gulab Jamun,1,piece,50,149,1.9,20,7.3,0.1,80,70,44,,7,1,,,,,,,,,,,,,
414,Bharli Vangi,1,piece,,87,1,14,3,0.3,50,50,8.9,120.3,59.4,1.5,,,,,,,,,,,,,
415,Badanekai yennegai,1,piece,,87,1,14,3,0.3,50,50,8.9,120.3,59.4,1.5,,,,,,,,,,,,,
416,Gutti Vankaya,1,piece,,87,1,14,3,0.3,50,50,8.9,120.3,59.4,1.5,,,,,,,,,,,,,
417,Ennai Kathirikkai,1,piece,,87,1,14,3,0.3,50,50,8.9,120.3,59.4,1.5,,,,,,,,,,,,,
418,Bharwan Baingan,1,piece,,87,1,14,3,0.3,50,50,8.9,117.1,35.5,1.1,,,,,,,,,,,,,
419,Palak paneer,1,cup,200,220,8,20,12,0.3,50,300,871,,47,15,,,,,,,,,,,,,
420,Gobi Manchurian,1,plate,68.5,118,1.6,11,8,1.3,55,102.5,326.5,,1.1,3.1,,,,,,,,,,,,,
421,Paneer Kabab,1,plate,178,280,13,12,21,1.2,50,313,1074,,28,6.6,,,,,,,,,,,,,
422,Seek Kabab,1,piece,,54,3,6,2,2,50,100,873,,5.1,20,,,,,,,,,,,,,
423,Lamb Kabab,1,piece,,65,3,6,3,2,50,100,190,,2.4,10,,,,,,,,,,,,,
424,Amla Murabba,1,tbsp (table spoon),,71,0.1,17.4,0.7,,30,49.2,1.1,,10.9,0.3,,,,,,,,,,,,,
425,Pyaas ki Kachori,1,piece,,186,2.8,17.5,11,0.1,40,71.7,4.9,42,17.3,0.8,,,,,,,,,,,,,
426,Dal Baati churma,1,plate,165,250,8,36,8,9.5,80,70,324,,4,23,,,,,,,,,,,,,
427,Mawa Kachori,1,piece,,192,4.3,26,8,0.5,60,63.9,1,83.4,126.5,0.6,,,,,,,,,,,,,
428,Gehun ki Bikaneri Khichdi,1,plate,,165,5.1,25.2,5,0.3,70,70,6.9,117.4,17,1.8,,,,,,,,,,,,,
429,Fada ni Khichdi (broken wheat + moog dal + green peas),1,plate,,239,11.5,41.9,5.5,1,60,70,17.6,,49.4,2.9,,,,,,,,,,,,,
430,Rajasthani Gatte Ka Pulao,per,serving,,290,7.1,42.2,10,0.7,70,70,18.7,137.1,26.7,1.5,,,,,,,,,,,,,
431,Bikaneri Bhujia,1,tbsp (table spoon),,38,1,2.5,0.4,2.6,75,40.2,2.1,11.9,5.9,0.3,,,,,,,,,,,,,
432,Mangodi ki sabzi,1,small cup,100,118,5,20,2.5,2.4,40,120,9.5,65,105,0.1,,,,,,,,,,,,,
433,Pithore Kadhi,1,large cup,,171,8,19,7,0.3,60,251.1,32.9,181.9,171.8,1.5,,,,,,,,,,,,,
434,Ker Sangri,1,cup,,118,5,9,7,1,50,7.5,0.1,0.8,0.9,0.1,,,,,,,,,,,,,
435,Allo + Pete (pumpkin) ka saag,1,cup,,141,2.3,16.5,7,0.3,70,260.7,13.6,55.4,37.3,0.7,,,,,,,,,,,,,
436,Paneer Kofta (kofte) curry,1,cup,,260,10,16,17,0.5,60,70,27.1,350,420.5,1.9,,,,,,,,,,,,,
437,Malai Kofta curry,1,cup,141,260,10,16,17,0.5,70,70,30,100.1,25,6,,,,,,,,,,,,,
438,Masala Mathri,1,piece,,93,1,20,1,7.8,70,33.8,2.4,31.5,6,0.7,,,,,,,,,,,,,
439,Kalmi Kabab,1,piece,50,119,8,6,7,0.1,40,70,,,,,,,,,,,,,,,,,
440,Custard desert,1,bowl,100,116,2,18,4,0.1,50,60,84,,13,1,,,,,,,,,,,,,
441,Nandini Mango Lassi,1,large cup,200 ml,236,4.8,44.6,3,0.1,80,100,,,85.7,,,,,,,,,,,,,,
442,Dum Aloo,1,cup,141,156,1,20,8,0.3,80,200,500,,6,8,,,,,,,,,,,,,
443,Mutton Yakhni pulao,1,plate,100,354,15.7,29.3,19.1,1.8,60,100,43.7,,2.5,9.2,,,,,,,,,,,,,
444,Sarson ka Saag,1,cup,188,200,2.7,12,16,4,60,70,893.3,,8,8,,,,,,,,,,,,,
445,Chole bhature,1,plate,281,511,13,59,27,11,60,70,507,,9.4,21,,,,,,,,,,,,,
446,Carrot parata,1,piece,,136,2.4,14.7,1.1,7.5,55,82.1,9.6,,24.8,1.1,,,,,,,,,,,,,
447,Anjeer halwa,1,cup,,156,1,20,8,1,75,80,5,216.6,242.9,2,,,,,,,,,,,,,
448,Shalgum ki Sabzi (Naveel kosu / Indian Turnip),1,cup,,79,1,12,2,0.5,55,32.3,3.4,5,12.1,0.1,,,,,,,,,,,,,
449,Delhi Petha,1,piece,,74,0.1,18.5,0.1,0.1,80,20,,,,,,,,,,,,,,,,,
450,Malai Kulfi ice cream,1,piece,,161,3.9,9.7,12,0.1,70,170.3,86.6,109.9,81.5,0.3,,,,,,,,,,,,,
451,Bhindi do Pyaza,1,cup,,92,3.6,10.1,4,0.5,50,155,14.2,110.4,148.7,0.5,,,,,,,,,,,,,
452,Layered bread kofta Biryani (punjabi dish),1,plate,,390,7.3,49.7,18,0.5,65,119.3,14.8,146.5,114.9,1.2,,,,,,,,,,,,,
453,Paneer kheer,1,cup,,127,4.4,12,7,0.1,60,100,62.7,32,188,,,,,,,,,,,,,,
454,Lamb Rogan Josh,1,large cup,100,160,8.99,7.3,11,0.5,50,310,312,,,,,,,,,,,,,,,,
455,Amritsari Fish (fried),1,piece,100,208,12,15,11,0.2,45,200,852.51,,145.3,2.9,,,,,,,,,,,,,
456,Vanilla Muffins (Cup Cake),1,piece,,187,3.4,20,10,0.1,80,28.3,81.3,75.6,84.2,0.4,,,,,,,,,,,,,
457,Chocolate Cup Cake,1,cupcake,75,190,3,21,10,0.2,80,203,261,,2,13,,,,,,,,,,,,,
458,Apple + Cinnamons muffins,1,piece,162,244,4.3,30,12,2.5,80,70,427,,8.8,9.3,,,,,,,,,,,,,
459,Oatmeal + banana Muffins,1,medium size,153,241,4,30,12.1,2.5,80,70,599,,11,14,,,,,,,,,,,,,
460,Pistachio Muffins,1,medium size,130,240,4,30,12,2.5,80,70,516,,12,14,,,,,,,,,,,,,
461,Cream Cheese Pumpkin muffins,1,piece,109,280,4.8,30,15,0.3,70,116,213,,5.5,9.4,,,,,,,,,,,,,
462,Cheese Garlic bread,1,piece,53,92,2,12,4,0.6,70,60,355,,9.5,5.5,,,,,,,,,,,,,
463,Carrot Cake,1,piece,100,92,2,12,4,0.6,70,60,567,,17,9,,,,,,,,,,,,,
464,Keema Naan,1,piece,137,256,9,30,11,0.3,50,291,831,,9,22,,,,,,,,,,,,,
465,Lamb Bheja Fry (brain fry),1,cup,148,191,6,8,15,0.1,50,303,198,,1.4,14,,,,,,,,,,,,,
466,Lamb Leg soup,1,large cup,263.5,116,9,11.5,4,0.3,40,200,621,,3.1,11.5,,,,,,,,,,,,,
467,Kharode ka soup,1,large cup,263.5,116,9,11.5,4,0.3,40,200,621,,3.1,11.5,,,,,,,,,,,,,
468,Mutton Paya soup,1,large cup,263.5,116,9,11.5,4,0.3,40,200,621,,3.1,11.5,,,,,,,,,,,,,
469,Rumali Roti,1,roti,60,135,3,24,3,2,70,30,330,,4,10,,,,,,,,,,,,,
470,Murg Malai Kabab,1,piece,202,76,3,7,4,0.9,40,80,222,,2.5,9.6,,,,,,,,,,,,,
471,Creamy Tomato Onion Sabzi,1,cup,,71,1.1,10,3,0.3,50,143.9,13.4,23.7,50.1,0.7,,,,,,,,,,,,,
472,Rajma Kebab,1,piece,,57,1.9,8.3,2,0.2,40,70,1.5,37.3,24.6,0.6,,,,,,,,,,,,,
473,Kadai Tofu,1,cup,,50,2.4,4.7,2.2,0.3,30,134.4,3,46.7,27.4,0.7,,,,,,,,,,,,,
474,Kaju Katli,1,piece,19,92,1.5,12,4.5,0.3,76,56,1.8,,,3,,,,,,,,,,,,,
475,Palak Soup,1,cup,,107,3.5,4.8,7,0.3,40,191.8,49.5,79.5,174.1,1.9,,,,,,,,,,,,,
476,Palak Shorba,1,cup,,107,3.5,4.8,7,0.3,40,191.8,49.5,79.5,174.1,1.9,,,,,,,,,,,,,
477,Punjabi Spinach soup,1,cup,,90,2,4,7,0.3,40,191.8,49.5,79.5,174.1,1.9,,,,,,,,,,,,,
478,Limbu Dhania ka shorba / Soup,1,cup,,60,1,7,3,0.2,40,131.1,13.6,99,41.3,0.8,,,,,,,,,,,,,
479,Khasta Roti,1,piece,,115,2.6,15.7,5,0.3,65,56.3,4.5,,8.8,0.9,,,,,,,,,,,,,
480,gin - 180 ml,1,serving,,428,0.1,107,0.1,0.1,90,60,,,,,,,,,,,,,,,,,
481,gin - 60 ml,1,serving,,142,0.1,35.5,0.1,0.1,90,60,,,,,,,,,,,,,,,,,
482,gin - 30 ml,1,serving,,71,0.1,18,0.1,0.1,90,60,,,,,,,,,,,,,,,,,
483,gin - 90 ml,1,serving,,214,0.1,53.5,0.1,0.1,90,60,,,,,,,,,,,,,,,,,
484,tequila - 180 ml,1,serving,,384,0.1,96,0.1,0.1,90,60,,,,,,,,,,,,,,,,,
485,tequila - 60 ml,1,serving,,128,0.1,32,0.1,0.1,90,60,,,,,,,,,,,,,,,,,
486,tequila - 30,1,serving,,64,0.1,16,0.1,0.1,90,60,,,,,,,,,,,,,,,,,
487,tequila - 90 ml,1,serving,,192,0.1,48,0.1,0.1,90,60,,,,,,,,,,,,,,,,,
488,wine - 180 ml,1,serving,,145,0.1,36,0.1,0.1,90,60,,,,,,,,,,,,,,,,,
489,beer regular - 650 ml,1,serving,,280,0.1,70,0.1,0.1,90,60,,,,,,,,,,,,,,,,,
490,beer regular - 500 ml,1,serving,,218,0.1,54.5,0.1,0.1,90,60,,,,,,,,,,,,,,,,,
491,beer regular - 330 ml,1,serving,,144,0.1,36,0.1,0.1,90,60,,,,,,,,,,,,,,,,,
492,beer strong - 650 ml,1,serving,,442,0.1,110.5,0.1,0.1,90,60,,,,,,,,,,,,,,,,,
493,beer strong - 500 ml,1,serving,,340,0.1,85,0.1,0.1,90,60,,,,,,,,,,,,,,,,,
494,beer strong - 330 ml,1,serving,,224,0.1,56,0.1,0.1,90,60,,,,,,,,,,,,,,,,,
495,Wagharelo Rotla,1,plate,,322,5.8,35.5,17,0.4,65,70,6.3,150.9,29.3,4,,,,,,,,,,,,,
496,Lapsi desert (broken wheat),1,plate,,286,2.7,40.1,13,1,75,70,1.7,81.5,11.3,1.4,,,,,,,,,,,,,
497,Oondhiya Baked,1,cup,,150,2,22,6,0.3,45,75,79.7,263.2,247.8,3.8,,,,,,,,,,,,,
498,Oondhiya fried (Traditional Sabzis),1,cup,,167,2,22,9,0.3,45,75,68.2,256.9,201.5,4.9,,,,,,,,,,,,,
499,Green Moong dal Handvo,1,piece,,83,2,12,3,0.3,65,60,27.3,301.9,69.4,2.9,,,,,,,,,,,,,
500,Mixed Dal Handvo,1,piece,,80,1.5,12,3,0.3,65,272.5,12.7,132.8,56.3,1.2,,,,,,,,,,,,,
501,Komal,1,large cup,200,159,2.2,5.7,13,0.1,45,46.9,9.9,65.5,106.4,0.1,,,,,,,,,,,,,
502,Panha,1,large cup,200,157,0.2,39,0.2,0.2,60,112.3,1.4,7.9,7.2,0.1,,,,,,,,,,,,,
503,Piyush (combination of buttermilk + shrikand),1,large cup,200,234,5.4,27.9,9,0.2,75,113.2,23.9,163.5,264.1,0.3,,,,,,,,,,,,,
504,Ukado (Ajwain + Turmeric Milk),1,large cup,,193,8.6,10,13,0.1,50,180,38,260,420,0.4,,,,,,,,,,,,,
505,Purple Mogri raita,1,cup,,102,2.9,3.4,7,0.7,40,62.6,13.3,,141.8,0.1,,,,,,,,,,,,,
506,coffee,1,cup,150ml,30,0.2,7,0.2,0.1,80,30,,,,,,,,,,,,,,,,,
507,coffee (sugarless),1,cup,150ml,14,0.1,3.5,0.1,0.1,80,30,,,,,,,,,,,,,,,,,
508,chickoo,1,piece,170g,107,0.7,25,1.5,0.8,40,70,,,,,,,,,,,,,,,,,
509,ladies finger baaji,1,cup,100,66,1.4,10,2.6,1.6,32,188,15,17,,,,,,,,,,,,,,,
510,okra baaji,1,cup,100,66,1.4,10,2.6,1.6,32,188,15,17,,,,,,,,,,,,,,,
511,Chocolate ice cream,1,cup,50,115,2,11,7,0.1,55,180,,,,,,,,,,,,,,,,,
512,Butter scotch ice cream,1,cup,50,115,2,11,7,0.1,55,180,,,,,,,,,,,,,,,,,
513,Mint ice cream,1,cup,50,115,2,11,7,0.1,55,180,,,,,,,,,,,,,,,,,
514,Caramel ice cream,1,cup,50,115,2,11,7,0.1,55,180,,,,,,,,,,,,,,,,,
515,Berry ice cream,1,cup,50,115,2,11,7,0.1,55,180,,,,,,,,,,,,,,,,,
516,Pistachio ice cream,1,cup,50,130,3,28,7.5,0.1,55,180,,,,,,,,,,,,,,,,,
517,Coffee ice cream,1,cup,50,130,3,28,7.5,0.1,55,180,,,,,,,,,,,,,,,,,
518,Coconut ice cream,1,cup,50,130,3,28,7.5,0.1,55,180,,,,,,,,,,,,,,,,,
519,pear,1,medium size,50gram,37,1.3,7.2,0.5,,52,60,,,,,,,,,,,,,,,,,
520,peru,1,medium size,50gram,37,1.3,7.2,0.5,,52,60,,,,,,,,,,,,,,,,,
521,amrudh,1,medium size,50gram,37,1.3,7.2,0.5,,52,60,,,,,,,,,,,,,,,,,
522,Mango,1,medium size,,134,1.1,35,0.6,,55,320,,,,,,,,,,,,,,,,,
523,mango shikarni,1,large cup,,202,1.2,52,0.7,2,60,320,,,,,,,,,,,,,,,,,
524,mango seekarne,1,large cup,,202,1.2,52,0.7,2,60,320,,,,,,,,,,,,,,,,,
525,Punjabi Masala Bhawan Karela,per ,serving,,152,1.8,7.5,12,3,55,198.3,6,73.9,40.9,0.8,,,,,,,,,,,,,
526,Kesar Pista Kulfi,1,cup,154,358,8,34,22,2,55,198.3,126,,260,1,,,,,,,,,,,,,
527,Mango Kulfi,1,bar,85,190,5,22,10,1,55,198.3,105,,130,,,,,,,,,,,,,,
528,Beetroot rice,per ,serving,,215,3.2,33.5,7.6,2,80,54.9,21,82.3,14,0.7,,,,,,,,,,,,,
529,Veg +Cheese Omelet,per ,serving,,202,13,3.8,15,0.8,55,76.5,152.9,234.2,142.6,2.1,,,,,,,,,,,,,
530,Makhana ,1,cup,100,350,39,308,7.6,1.5,80,500,,,60,1.4,,,,,,,,,,,,,
531,Khoya Makhana,per ,serving,,298,4.2,8.7,27,0.5,80,125.6,8.5,104,190.7,0.5,,,,,,,,,,,,,
532,Kathal Ki Sabzi ,per ,serving,,164,1.6,25,6.4,2,45,239.6,7.2,37.4,36.6,0.6,,,,,,,,,,,,,
533,Halasu Kayi palye ,per ,serving,,164,1.6,25,6.4,2,45,239.6,7.2,37.4,36.6,0.6,,,,,,,,,,,,,
534,Chakka Kerala,per ,serving,,164,1.6,25,6.4,2,45,239.6,7.2,37.4,36.6,0.6,,,,,,,,,,,,,
535,Panasa (AP),per ,serving,,164,1.6,25,6.4,2,45,239.6,7.2,37.4,36.6,0.6,,,,,,,,,,,,,
536,Pala (TN),per ,serving,,164,1.6,25,6.4,2,45,239.6,7.2,37.4,36.6,0.6,,,,,,,,,,,,,
537,Fanas (MH),per ,serving,,164,1.6,25,6.4,2,45,239.6,7.2,37.4,36.6,0.6,,,,,,,,,,,,,
538,Punjabi Achari Paneer,per ,serving,,381,13.4,12.8,29,0.2,50,96.8,16.8,309,516.1,0.3,,,,,,,,,,,,,
539,Pineapple sheera,per ,serving,,273,2,39.8,12,2,80,26.8,15.3,20.8,9.4,1.1,,,,,,,,,,,,,
540,Dry fruit burfi,per,piece,,177,6,17.2,9,2,80,90,,127.5,239.4,0.4,,,,,,,,,,,,,
541,Bread pakora + aloo stuffing,per,plate,,257,11.3,42,7.7,1,80,363.1,33.9,161.4,31.2,2.7,,,,,,,,,,,,,
542,Kalakand,per,piece,,131,3.8,9.5,8.6,0.3,80,11.7,4.2,86.1,136.8,,,,,,,,,,,,,,
543,Makai Khumb Jalfrazie ,per ,serving,,140,3.3,16.1,7.8,2,68,231.5,85.7,,39.5,1,,,,,,,,,,,,,
544,Punjabi Kamal Kakdi sabzi ,per ,serving,,167,1.2,6.3,15,2,60,161.9,7.3,39.1,39.9,0.6,,,,,,,,,,,,,
545,Indian Fruit chaat,per ,serving,,121,1.2,27.5,4,0.7,50,129.8,40.3,39.4,35.1,1.6,   ,,,,,,,,,,,,
546,Sugar paratha,per,paratha,,178,2.2,28.4,6,0.3,80,56.7,3.6,,8.6,0.9,,,,,,,,,,,,,
547,Hara Nariyal ka shorba / soup,per ,serving,,355,3.5,12.7,32,4,45,259.3,14.2,172,16.7,1.5,,,,,,,,,,,,,
548,Punjabi Black Grape Lassi,per ,serving,,105,3.8,21.5,0.8,0.3,60,259.3,50,46.5,164,0.4,,,,,,,,,,,,,
549,Sukhi Sevaiyan (punjabi tradional desert),per ,serving,,274,3.9,20.7,19,2,80,118.3,2.7,78.6,22.4,1,,,,,,,,,,,,,
550,Broccoli Cheese Paratha,per,paratha,,172,4.7,13.6,11,0.7,60,111.7,112.3,,69.7,1.1,,,,,,,,,,,,,
551,Suran Koftha curry (Yam or Elephant Foot),per ,serving,,223,4.5,36.8,7.8,5.3,55,70,115,,,,,,,,,,,,,,,,
552,Arbi Sarson ,per ,serving,,223,5.4,27.3,9.6,0.8,45,680.4,20.9,205.7,118.2,0.7,,,,,,,,,,,,,
553,Peach Halwa,per ,serving,,224,2.6,32.7,9,0.8,70,317.1,1.4,66.5,96.5,1.7,,,,,,,,,,,,,
554,swanjana ke phool ki Sabji,per ,serving,126,83,3,9,2,4,56,317.1,484,,,,,,,,,,,,,,,,
555,Drumstick flower baaji,per ,serving,126,83,3,9,2,4,56,317.1,484,,,,,,,,,,,,,,,,
556,Moringa flowers baaji,per ,serving,126,83,3,9,4,2,56,317.1,484,,,,,,,,,,,,,,,,
557,Cooked Moringa leaves baaji,1,cup cooked,,84.3,6.7,13.5,3.3,1,56,317.1,,,6,,,,,,,,,,,,,,
558,Drumstick leaves baaji,1,cup cooked,,84.3,6.7,13.5,3.3,1,56,317.1,,,6,,,,,,,,,,,,,,
559,Delhi's Ram Ladoo,per,plate,,96,6.1,16.2,3.2,0.8,80,281.7,16.5,40.9,33.3,1.2,,,,,,,,,,,,,
560,Veg Momos steamed,per,momos,,60,2.4,12.6,2.1,0.1,60,28,1.5,23.1,5.4,0.3,,,,,,,,,,,,,
561,Veg Fried Momos,per,momos,38,64.22,2.07,7.28,3,0.4,60,28,,,,,,,,,,,,,,,,,
562,Chicken steamed momos,1,piece,,78,5.25,9.3,2.02,0.4,60,28,18,,,,,,,,,,,,,,,,
563,Hakka Noodles,1,cup,200,212,9.2,26,8.6,2.9,60,303,1351,,12,8,,,,,,,,,,,,,
564,Soda water,1,glass,120,1,0.1,0.1,0.1,0.1,1,2.4,15.5,,3,,,,,,,,,,,,,,
565,Garlic Cheese naan,per naan,,,165,6.2,19.4,7,0.4,60,59,204.5,134.3,121.7,1.2,,,,,,,,,,,,,
566,Butter Naan,1,piece,97,313,8.7,45,11,2,60,114,464,,8,16,,,,,,,,,,,,,
567,Coriander Rice,per,serving,,302,4.9,52.7,8,1,68,93,10.7,117.4,31,0.7,,,,,,,,,,,,,
568,Onion Tart,per,serving,,155.3,2.7,5.2,7.5,1.8,55,140.4,6.4,,,,,,,,,,,,,,,,
569,Lemon Pepper chicken,1,piece,117,228,27,5.3,11,1.9,55,328,129,,3.6,8.7,,,,,,,,,,,,,
570,Siddu Himachali ,1,piece,50,123.5,3.94,12.48,6.51,1.57,50,30,,,,,,,,,,,,,,,,,
571,Sel roti sikkim,1,piece,32,123,0.6,12,8.4,0.1,66,9,0.3,,,1,,,,,,,,,,,,,
572,Gundruk & Sinki Soup ,1,katori,150,90,4.47,11,3.06,1.1,55,80,,,,,,,,,,,,,,,,,
573,Kinema curry ,1,katori,150,276,26.3,17.71,11.2,1.16,50,70,,,,,,0.6,,,,,,,,,,,
574,Chhurpi soup ,1,katori,150,399,52.3,16.48,13.79,1.3,50,70,,,,,,,,,,,,,,,,,
575,Litti chokha (bihari dish),1,piece,105,144,5.2,25,4.2,3.5,55,289,132,,2,8,,,,,,,,,,,,,
576,Sattu bihari  drink,1,glass,250,52.5,3.15,8.09,1.1,0.22,60,70,,,,,,,,,,,,,,,,,
577,Calcutta  Ghungi,1,piece,,145,8.2,24.7,2.2,1.5,50,332.6,11.4,129.8,45.9,3,,,,,,,,,,,,,
578,Chestnut burfi,1,cup,100,131,2,28,,1.4,80,715,27,,,,,,,,,,,,,,,,
579,Puttu (brown rice),1,piece,175,322,9.1,66.5,8,2,80,50,115,,2,20,,,,,,,,,,,,,
580,Banana Chips,1,packet,100,89,1.1,23,2.6,1,80,358,1,,0.4,1.4,,,,,,,,,,,,,
581,Potato Chips,1,packet,28,149,1.8,15,9.5,0.9,80,335,148,,0.5,2,,,,,,,,,,,,,
582,Jackfriut Chips,1,packet,107,124,1.8,24,3.5,1.6,60,467,2.1,,,,,,,,,,,,,,,,
583,Apple juice,1,glass,100,92,0.2,22,0.2,0.2,55,101,4,,,,,,,,,,,,,,,,
584,Mango juice,1,glass,251,128,0.3,33,0.8,0.1,55,60,13,,3.3,5,,,,,,,,,,,,,
585,Kiwi juice,1,glass,248,112,1.3,31,6,0.5,55,438,31,,3.3,2.4,,,,,,,,,,,,,
586,Carrot juice,1,glass,236,94,2.2,22,0.3,1.9,55,689,156,,4.4,6,,,,,,,,,,,,,
587,Beetroot juice,1,glass,350,98,2.8,23,0.3,4.2,80,497,74,,3.5,12,,,,,,,,,,,,,
588,Avacado milk shake,1,glass,519,540,13,23,23,4.7,70,900,123,,34,3.8,,,,,,,,,,,,,
589,Mango milk shake,1,glass,452,515,12,81,17,2.4,60,734,200,,33,2.1,,,,,,,,,,,,,
590,Oreo Milk shake,1,glass,356,652,15,102,22,2.1,60,688,549,,429,9,,,,,,,,,,,,,
591,Strawberry milk shake,1,glass,376,425,13,71,11,1.5,60,684,312,,33,2.3,,,,,,,,,,,,,
592,Cranberry juice  cocktail,1,glass,271,141,0.5,33,0.2,0.9,60,51,5.4,,0.6,0.6,,,,,,,,,,,,,
593,Grape juice,1,glass,253,152,0.9,37,0.3,0.5,60,263,13,,2.1,3.5,,,,,,,,,,,,,
594,Pineapple juice ,1,glass,250,133,0.9,32,0.3,0.5,60,325,5,,2.5,4.3,,,,,,,,,,,,,
595,Watermelon juice,1,glass,317,80,0.5,21,0.1,0.3,60,106,19,,0.7,2.1,,,,,,,,,,,,,
596,Muskmelon juice,1,glass,552,188,4.6,45,1,5,60,1474,88,,3.8,6.4,,,,,,,,,,,,,
597,Mixed berry Juice (booster juice),1,glass,710,300,3,70,6,0.5,60,,45,,8,6,,,,,,,,,,,,,
598,Lychee juice,1,glass,240,128,0.8,33,0.4,1.3,60,171,6.1,,1,2,,,,,,,,,,,,,
599,Karela Jamun juice,1,glass,230,63.42,8.4,8.4,4.2,0.2,47,100,207,,38,0.3,,,,,,,,,,,,,
600,Pomegranate juice,1,glass,100,113.4,0.42,27.3,0.63,0.21,55,214,9,,1,,,,,,,,,,,,,,
601,Plum juice,1,glass,499,245,0.5,61,0.2,0.5,55,504,,,1.9,17,,,,,,,,,,,,,
602,Cranberry + Raspberry Mocktail,1,glass,150,190,1,47,2,,60,100,30,,4,8,,,,,,,,,,,,,
603,Mocktail ( pineapple + Mango + watermelon),1,glass,150,110,2,27,3,1,60,452,285,,48,1,,,,,,,,,,,,,
604,mango rasayana,1,large cup,,202,1.2,52,0.7,2,60,320,,,,,,,,,,,,,,,,,
605,mango aamras,1,large cup,,202,1.2,52,0.7,2,60,320,,,,,,,,,,,,,,,,,
606,Vanilla ice cream,1,cup,100,207,3.5,24,11,0.7,60,199,80,,12,   ,,,,,,,,,,,,,
607,Black current ice cream,1,cup,,207,3.5,24,11,0.4,60,14.7,51.8,32.1,160.1,0.2,,,,,,,,,,,,,
608,Falooda,1,cup,157,286,4,30,16,0.4,60,17,49,,1,1,,,,,,,,,,,,,
609,Chocolate ice cream,1,cup,100,216,3.8,28,11,1.5,60,249,76,,10,4,,,,,,,,,,,,,
610,Butter scotch ice cream,1,cup,239,207,3.5,24,11,1.4,60,422,299,,21,1,,,,,,,,,,,,,
611,Mint ice     cream,1,cup,138,207,3.5,24,11,1.3,60,285,106,,13,2,,,,,,,,,,,,,
612,Caramel ice cream,1,cup,239,216,3.8,28,11,1.4,60,422,299,,21,1,,,,,,,,,,,,,
613,Berry ice cream,1,cup,132,253,4.2,36,1.2,11,60,248,79,,12,1.5,,,,,,,,,,,,,
614,Pistachio ice cream,1,cup,108,252,5.1,26,15,1.5,60,281,80,,10,2.2,,,,,,,,,,,,,
615,Coffee ice cream,1,cup,217,467,6.6,42,30,0.2,60,309,115,,17,4,,,,,,,,,,,,,
616,Coconut ice cream,1,cup,104,279,3.3,36,15,2,60,146,8.9,,0.9,32,,,,,,,,,,,,,
617,Ice cream Sandwich,1,scoop,70,266,3,26,16,1,60,81,90,,5,1,,,,,,,,,,,,,
618,Strawberry ice cream,1,cup,132,253,4.2,36,11,1.2,60,248,79,,12,1.5,,,,,,,,,,,,,
619,Ice cream Cake,1,slice,99,257,3.5,32,13,1.1,60,218,155,,8,1,,,,,,,,,,,,,
620,Chocolate Truffle Ice Cream Bars,1,bar,63,257,3.5,32,13,1.1,60,80,50,,10,,,,,,,,,,,,,,
621,Chocolate Fudge Ice Cream Bars,1,bar,22.7,257,3.5,32,13,1.1,60,152,30,,5,2,,,,,,,,,,,,,
622,Doublre Raspberry ice cream bar,1,bar,75,257,3.5,32,13,1.1,60,80,55,,4,8,,,,,,,,,,,,,
623,Orange dream bar,1,bar,49.5,257,3.5,32,13,1.1,60,81,20,,3,,,,,,,,,,,,,,
624,Almond ice cream bar,1,bar,57,150,2,11,12,1,60,148,50,,35,1,,,,,,,,,,,,,
625,Cotton candy bar,1,bar,100,150,2,11,12,1,60,,,,,,,,,,,,,,,,,,
626,Bhel puri,1,plate,93,188,5.9,22,9.2,2.8,80,275,412,,2,11,,,,,,,,,,,,,
627,Sev Puri,1,plate,53,206,4.3,24,11,2,80,142,215,,1.1,4.3,,,,,,,,,,,,,
628,Pani Puri,1,plate,71,152,2.5,15,9.9,2.2,80,90,110,,1,6,,,,,,,,,,,,,
629,Masala Puri,1,plate,283,232.8,6.6,25.2,12.6,7.2,80,712,204,,6.9,23,,,0.6,,,,,,,,,,
630,Dahi Puri,1,plate,,212,2.4,30,10,2.2,80,404,10,,,,,,,,,,,,,,,,
631,Dahi Vada,1,piece,71,89,3.8,7.8,5,2.4,80,183,144,,3.7,6.9,,,,,,,,,,,,,
632,Kaanda Bhaji / Onion Bhaji,1,piece,42,115,1.9,8.6,8.4,1.2,80,107,5.7,,1,3,,,,,,,,,,,,,
633,Girmit,1,plate,,170.5,4.7,16.2,10.5,1.5,80,124.8,243.8,5.6,1.3,2.4,,,,,,,,,,,,,
634,Palak Bhaji,1,plate,404,234,7.2,37.8,6.6,4,80,813,589,,9.5,32,,,,,,,,,,,,,
635,Veg Bhaji,1,piece,13,25,0.4,3.2,1.3,0.3,70,52,37,,0.2,1.5,,,,,,,,,,,,,
636,   Jareesh arabic veg dish,1,plate,100,380,11,76,5,2,55,52,,,,,,,,,,,,,,,,,
637,Qatari Harees (broken wheat + chicken),1,plate,100,193,6,25,3,1,55,52,,,,,,,,,,,,,,,,,
638,Chicken mandi,1,plate,350,388.5,41.62,42.62,5.69,0.75,55,52,,,,,,,,,,,,,,,,,
639,Tamoosh (lamb mandi),1,plate,100,209,8,22,9,1,55,52,,,,,,,,,,,,,,,,,
640,Kabsa Rice + Chicken,1,plate,,380,5,56,8,3,78,52,38,,10,,,,,,,,,,,,,,
641,"Chipotle (Chicken Burrito Bowl Wth Veggies, Rice)",1,bowl,,380,36,36,11,1,60,52,740,,10,12,,,,,,,,,,,,,
642,Persian style Chicken,per,serving,,286.9,4.8,6.1,28.1,1.5,60,52,13.5,5.2,1.9,2.9,,,,,,,,,,,,,
643,Tachin (baked saffron rice with barberries),per,serving,,314,15,7,25,6,60,52,,,,,,,,,,,,,,,,,
644,Turkish spicy lamb pizza,1,serving,,149.1,6.1,8.4,10.4,1,60,176.1,108,6.4,1.9,5.5,,,,,,,,,,,,,
645,Italian Freied meat ball + tahini sauce,1,medium size,,81,4.2,5.17,4.76,0.3,55,69,126,,1,4,,,,,,,,,,,,,
646,Charred sweet potatoes,1,plate,100,86,1.6,20.1,0.1,3,78,200,,,,,,,,,,,,,,,,,
647,Tahcheen / Tahchin ,1,serving,85,170,5.8,13,10,0.5,55,96,44,,3,5,,,,,,,,,,,,,
648,Pecan Pie,1,piece,122,503,6,64,27,1,60,162,320,,3,10,,,,,,,,,,,,,
649,Fattoush Salad,per,serving,,106,3.6,18.6,2.2,4.2,60,134.2,7.6,,39.3,1.3,,,,,,,,,,,,,
650,Red Snapper + Salsa verde,1,piece,36,200,12,48,14,2,55,70,256,,0.8,0.8,,,,,,,,,,,,,
651,Chicken meat ball,1,ball,28,70,5.8,2.2,4.3,0.2,55,60,125,,3,2,,,,,,,,,,,,,
652,Shakshuka ,1,serving,,304,14.3,23.1,18.1,3.8,55,60,622.8,,10.1,13.7,,,,,,,,,,,,,
653,Herb Rice ,1,cup,178,277,4.2,41,10,1,80,68,413,,2.1,2.3,,,,,,,,,,,,,
654,Shallots + wine sauce,1,portion,23.6,18.4,0.3,1,1.6,0.2,55,29.2,22,,0.2,0.5,,,,,,,,,,,,,
655,Crispy Shallots,1,portion,,20,0.3,3,1,1,55,60,,,,2,,,,,,,,,,,,,
656,Falafel salad ,1,cup,344,547,16,36,40,4.5,55,200,410,,16,25,,,,,,,,,,,,,
657,Baked Falafel,1,piece,18,53,1.2,4.3,3.5,1,55,45,35,,0.7,2.6,,,,,,,,,,,,,
658,Persian Tahchin,,,85,170,5.8,13,10,0.5,55,96,44,,2.4,4.7,,,,,,,,,,,,,
659,Persian Abgoosht ,1,cup,249,269,19,37,5.8,0.5,55,40,507,,6.1,25,,,,,,,,,,,,,
660,Persian Tea,1,cup,,90,0.4,24,0.2,0.1,55,50,,,2,,,,,,,,,,,,,,
661,Persian Zoolbia  ,1,piece,92,336,1.5,56,12,0.3,55,56,46,,3.1,1.5,,,,,,,,,,,,,
662,Frittata ,1,piece,182,291,24,4.4,20,0.5,55,70,1028,,19,11,,,,,,,,,,,,,
663,Potato Frittata,1,cup,182,333,18,13,1.3,23,70,436,428,,19,13,,,,,,,,,,,,,
664,Cock & Leekie Soup,1,cup,231,231,20,14,11,1.8,60,312,177,,4.2,15,,,,,,,,,,,,,
665,alasandhi kaal Baaji,1,cup,100,100,4.5,13,3.5,1,51,190,7,180,,,,,,,,,,,,,,,
666,lobia Baaji,1,cup,100,100,4.5,13,3.5,1,51,190,7,180,,,,,,,,,,,,,,,
667,black eyed peas Baaji,1,cup,100,100,4.5,13,3.5,1,51,190,7,180,,,,,,,,,,,,,,,
668,pine apple,1,cup,,82,0.9,21.6,0.2,,50,190,1.7,13,21,0.5,,,,,,,,,,,,,
669,strawberry,1,cup,,6,0.1,1.4,0.1,,30,27,0.2,4,3,0.1,,,,,,,,,,,,,
670,water melon,1,slice,,86,1,22.7,0.4,1,70,320,,,,,,,,,,,,,,,,,
671,musk melon,1,cup,,60,1.5,16,0.2,1,45,400,26,28,16,0.4,,,,,,,,,,,,,
672,Hesar bele palya,1,small cup,100,118,5,20,2.5,2.4,40,360,232,180,,,,,,,,,,,,,,,
673,egg Biriyani,1,plate,150gram,350,11,48,13.2,,68,70,,,,,,,,,,,,,,,,,
674,Chicken savaji curry,1,bowl,79.5,295,10,26.44,17.2,0.6,20,133,128.5,,3,4.5,,,,,,,,,,,,,
675,mutton keema,1,piece,25,93,4.9,6.5,5.2,0.1,40,72,149,,1,3,,,,,,,,,,,,,
676,Chicken savaji dry,half,plate,175,282,10,20,18,2.5,40,236,590,,3,12.5,,,,,,,,,,,,,
677,Chicken ghee roast,half,plate,175,282,10,20,18,2.5,40,236,590,,3,12.5,,,,,,,,,,,,,
